error	n
0.0748298	20
0.20723018	30
0.163518277	50
0.113348782	75
0.09293155	100
